_id,creator_id,biography,type,media,media_name,like,share,date
69ca7d24fc13ae3c4435c102,69ca7ce3fc13ae3a5e35bf87,"Quisque id justo sit amet sapien dignissim vestibulum. Vestibulum ante ipsum primis in faucibus orci luctus et ultrices posuere cubilia Curae; Nulla dapibus dolor vel est. Donec odio justo, sollicitudin ut, suscipit a, feugiat et, eros.

Vestibulum ac est lacinia nisi venenatis tristique. Fusce congue, diam id ornare imperdiet, sapien urna pretium nisl, ut volutpat sapien arcu sed augue. Aliquam erat volutpat.",error: undefined method `first' for nil:NilClass,https://meetup.com/sit.jpg?ante=sit&ipsum=amet&primis=lobortis&in=sapien&faucibus=sapien,HabitassePlateaDictumst.xls,806,38,3/6/2020
69ca7d24fc13ae3c4435c103,69ca7ce3fc13ae3a5e35bfd5,"Maecenas ut massa quis augue luctus tincidunt. Nulla mollis molestie lorem. Quisque ut erat.

Curabitur gravida nisi at nibh. In hac habitasse platea dictumst. Aliquam augue quam, sollicitudin vitae, consectetuer eget, rutrum at, lorem.",error: undefined method `first' for nil:NilClass,http://geocities.com/suspendisse/potenti/in/eleifend/quam.aspx?quisque=quam&porta=sapien&volutpat=varius&erat=ut&quisque=blandit&erat=non&eros=interdum&viverra=in&eget=ante&congue=vestibulum&eget=ante&semper=ipsum&rutrum=primis&nulla=in&nunc=faucibus&purus=orci&phasellus=luctus&in=et&felis=ultrices&donec=posuere&semper=cubilia&sapien=curae&a=duis&libero=faucibus&nam=accumsan&dui=odio&proin=curabitur&leo=convallis&odio=duis&porttitor=consequat&id=dui&consequat=nec&in=nisi&consequat=volutpat&ut=eleifend&nulla=donec&sed=ut&accumsan=dolor&felis=morbi&ut=vel&at=lectus&dolor=in&quis=quam&odio=fringilla&consequat=rhoncus&varius=mauris&integer=enim&ac=leo&leo=rhoncus&pellentesque=sed&ultrices=vestibulum&mattis=sit&odio=amet&donec=cursus&vitae=id&nisi=turpis&nam=integer&ultrices=aliquet&libero=massa&non=id&mattis=lobortis&pulvinar=convallis&nulla=tortor&pede=risus&ullamcorper=dapibus&augue=augue&a=vel&suscipit=accumsan,SollicitudinUt.avi,838,29,3/1/2025
69ca7d24fc13ae3c4435c104,69ca7ce3fc13ae3a5e35bf7d,"Sed sagittis. Nam congue, risus semper porta volutpat, quam pede lobortis ligula, sit amet eleifend pede libero quis orci. Nullam molestie nibh in lectus.

Pellentesque at nulla. Suspendisse potenti. Cras in purus eu magna vulputate luctus.",error: undefined method `first' for nil:NilClass,https://xrea.com/sapien/cursus/vestibulum/proin/eu/mi.xml?sapien=nulla&in=dapibus&sapien=dolor&iaculis=vel&congue=est&vivamus=donec&metus=odio&arcu=justo&adipiscing=sollicitudin&molestie=ut&hendrerit=suscipit&at=a&vulputate=feugiat&vitae=et&nisl=eros&aenean=vestibulum&lectus=ac&pellentesque=est,AccumsanFelisUt.mov,795,4,3/21/2020
69ca7d24fc13ae3c4435c105,69ca7ce3fc13ae3a5e35bf77,"Cras non velit nec nisi vulputate nonummy. Maecenas tincidunt lacus at velit. Vivamus vel nulla eget eros elementum pellentesque.

Quisque porta volutpat erat. Quisque erat eros, viverra eget, congue eget, semper rutrum, nulla. Nunc purus.",error: undefined method `first' for nil:NilClass,https://cargocollective.com/nec/nisi.png?consequat=platea&metus=dictumst&sapien=etiam&ut=faucibus&nunc=cursus&vestibulum=urna&ante=ut&ipsum=tellus&primis=nulla&in=ut&faucibus=erat&orci=id&luctus=mauris&et=vulputate&ultrices=elementum&posuere=nullam&cubilia=varius&curae=nulla&mauris=facilisi&viverra=cras&diam=non&vitae=velit&quam=nec&suspendisse=nisi&potenti=vulputate&nullam=nonummy&porttitor=maecenas&lacus=tincidunt&at=lacus&turpis=at&donec=velit&posuere=vivamus&metus=vel&vitae=nulla,NibhFusceLacus.tiff,951,18,5/28/2020
69ca7d24fc13ae3c4435c106,69ca7ce3fc13ae3a5e35bfc2,"Nullam porttitor lacus at turpis. Donec posuere metus vitae ipsum. Aliquam non mauris.

Morbi non lectus. Aliquam sit amet diam in magna bibendum imperdiet. Nullam orci pede, venenatis non, sodales sed, tincidunt eu, felis.

Fusce posuere felis sed lacus. Morbi sem mauris, laoreet ut, rhoncus aliquet, pulvinar sed, nisl. Nunc rhoncus dui vel sem.",error: undefined method `first' for nil:NilClass,http://fastcompany.com/quis/turpis.html?eget=amet&vulputate=turpis&ut=elementum&ultrices=ligula&vel=vehicula&augue=consequat&vestibulum=morbi&ante=a&ipsum=ipsum&primis=integer&in=a&faucibus=nibh&orci=in&luctus=quis&et=justo&ultrices=maecenas&posuere=rhoncus&cubilia=aliquam&curae=lacus&donec=morbi&pharetra=quis&magna=tortor&vestibulum=id&aliquet=nulla&ultrices=ultrices&erat=aliquet&tortor=maecenas,Ut.avi,445,50,7/3/2024
69ca7d24fc13ae3c4435c107,69ca7ce3fc13ae3a5e35bf84,"Fusce posuere felis sed lacus. Morbi sem mauris, laoreet ut, rhoncus aliquet, pulvinar sed, nisl. Nunc rhoncus dui vel sem.

Sed sagittis. Nam congue, risus semper porta volutpat, quam pede lobortis ligula, sit amet eleifend pede libero quis orci. Nullam molestie nibh in lectus.

Pellentesque at nulla. Suspendisse potenti. Cras in purus eu magna vulputate luctus.",error: undefined method `first' for nil:NilClass,https://telegraph.co.uk/tempor/turpis/nec/euismod.png?leo=aliquam&rhoncus=erat&sed=volutpat&vestibulum=in&sit=congue&amet=etiam&cursus=justo&id=etiam&turpis=pretium&integer=iaculis&aliquet=justo&massa=in&id=hac&lobortis=habitasse&convallis=platea&tortor=dictumst&risus=etiam&dapibus=faucibus&augue=cursus&vel=urna&accumsan=ut&tellus=tellus&nisi=nulla&eu=ut&orci=erat&mauris=id&lacinia=mauris&sapien=vulputate&quis=elementum&libero=nullam&nullam=varius&sit=nulla&amet=facilisi&turpis=cras&elementum=non&ligula=velit&vehicula=nec&consequat=nisi&morbi=vulputate&a=nonummy&ipsum=maecenas&integer=tincidunt&a=lacus&nibh=at&in=velit&quis=vivamus&justo=vel&maecenas=nulla&rhoncus=eget&aliquam=eros&lacus=elementum,FacilisiCrasNon.xls,981,87,6/4/2028
69ca7d24fc13ae3c4435c108,69ca7ce3fc13ae3a5e35bf91,"Vestibulum ac est lacinia nisi venenatis tristique. Fusce congue, diam id ornare imperdiet, sapien urna pretium nisl, ut volutpat sapien arcu sed augue. Aliquam erat volutpat.

In congue. Etiam justo. Etiam pretium iaculis justo.

In hac habitasse platea dictumst. Etiam faucibus cursus urna. Ut tellus.",error: undefined method `first' for nil:NilClass,http://squidoo.com/pede/malesuada/in.json?dui=in&nec=faucibus&nisi=orci&volutpat=luctus&eleifend=et&donec=ultrices&ut=posuere&dolor=cubilia&morbi=curae&vel=donec&lectus=pharetra&in=magna&quam=vestibulum&fringilla=aliquet&rhoncus=ultrices&mauris=erat&enim=tortor&leo=sollicitudin&rhoncus=mi&sed=sit&vestibulum=amet&sit=lobortis&amet=sapien&cursus=sapien&id=non&turpis=mi&integer=integer&aliquet=ac&massa=neque&id=duis&lobortis=bibendum&convallis=morbi&tortor=non&risus=quam&dapibus=nec&augue=dui&vel=luctus&accumsan=rutrum&tellus=nulla&nisi=tellus&eu=in&orci=sagittis&mauris=dui&lacinia=vel&sapien=nisl&quis=duis&libero=ac&nullam=nibh&sit=fusce&amet=lacus&turpis=purus&elementum=aliquet&ligula=at&vehicula=feugiat&consequat=non&morbi=pretium&a=quis&ipsum=lectus&integer=suspendisse&a=potenti&nibh=in&in=eleifend&quis=quam&justo=a&maecenas=odio&rhoncus=in&aliquam=hac&lacus=habitasse&morbi=platea&quis=dictumst&tortor=maecenas&id=ut&nulla=massa&ultrices=quis&aliquet=augue,Non.avi,893,20,1/7/2026
69ca7d24fc13ae3c4435c109,69ca7ce3fc13ae3a5e35bf82,Sed ante. Vivamus tortor. Duis mattis egestas metus.,error: undefined method `first' for nil:NilClass,https://4shared.com/tempus/semper/est/quam/pharetra/magna/ac.png?lacinia=nec&erat=nisi&vestibulum=vulputate&sed=nonummy&magna=maecenas&at=tincidunt&nunc=lacus&commodo=at&placerat=velit&praesent=vivamus&blandit=vel&nam=nulla&nulla=eget&integer=eros&pede=elementum&justo=pellentesque&lacinia=quisque&eget=porta&tincidunt=volutpat&eget=erat&tempus=quisque&vel=erat,Augue.tiff,983,46,5/12/2025
69ca7d24fc13ae3c4435c10a,69ca7ce3fc13ae3a5e35bfc3,"Mauris enim leo, rhoncus sed, vestibulum sit amet, cursus id, turpis. Integer aliquet, massa id lobortis convallis, tortor risus dapibus augue, vel accumsan tellus nisi eu orci. Mauris lacinia sapien quis libero.

Nullam sit amet turpis elementum ligula vehicula consequat. Morbi a ipsum. Integer a nibh.

In quis justo. Maecenas rhoncus aliquam lacus. Morbi quis tortor id nulla ultrices aliquet.",error: undefined method `first' for nil:NilClass,https://earthlink.net/porta/volutpat.aspx?mattis=ante&egestas=ipsum&metus=primis&aenean=in&fermentum=faucibus&donec=orci&ut=luctus&mauris=et&eget=ultrices&massa=posuere&tempor=cubilia&convallis=curae&nulla=mauris&neque=viverra&libero=diam&convallis=vitae&eget=quam&eleifend=suspendisse&luctus=potenti&ultricies=nullam&eu=porttitor&nibh=lacus&quisque=at&id=turpis&justo=donec&sit=posuere&amet=metus&sapien=vitae&dignissim=ipsum&vestibulum=aliquam&vestibulum=non&ante=mauris&ipsum=morbi&primis=non&in=lectus&faucibus=aliquam&orci=sit&luctus=amet&et=diam&ultrices=in&posuere=magna&cubilia=bibendum&curae=imperdiet&nulla=nullam&dapibus=orci&dolor=pede&vel=venenatis&est=non&donec=sodales&odio=sed&justo=tincidunt&sollicitudin=eu&ut=felis&suscipit=fusce&a=posuere&feugiat=felis&et=sed&eros=lacus&vestibulum=morbi&ac=sem,Vehicula.mov,713,73,1/29/2022
69ca7d24fc13ae3c4435c10b,69ca7ce3fc13ae3a5e35bf8b,"Lorem ipsum dolor sit amet, consectetuer adipiscing elit. Proin risus. Praesent lectus.

Vestibulum quam sapien, varius ut, blandit non, interdum in, ante. Vestibulum ante ipsum primis in faucibus orci luctus et ultrices posuere cubilia Curae; Duis faucibus accumsan odio. Curabitur convallis.

Duis consequat dui nec nisi volutpat eleifend. Donec ut dolor. Morbi vel lectus in quam fringilla rhoncus.",error: undefined method `first' for nil:NilClass,http://ask.com/vitae/nisi/nam.json?odio=in&porttitor=hac&id=habitasse&consequat=platea&in=dictumst&consequat=aliquam&ut=augue&nulla=quam&sed=sollicitudin&accumsan=vitae&felis=consectetuer&ut=eget&at=rutrum&dolor=at&quis=lorem&odio=integer&consequat=tincidunt&varius=ante&integer=vel&ac=ipsum&leo=praesent&pellentesque=blandit&ultrices=lacinia&mattis=erat&odio=vestibulum&donec=sed&vitae=magna&nisi=at&nam=nunc&ultrices=commodo&libero=placerat&non=praesent&mattis=blandit&pulvinar=nam&nulla=nulla&pede=integer&ullamcorper=pede&augue=justo&a=lacinia&suscipit=eget&nulla=tincidunt&elit=eget&ac=tempus&nulla=vel&sed=pede&vel=morbi&enim=porttitor&sit=lorem&amet=id&nunc=ligula&viverra=suspendisse&dapibus=ornare&nulla=consequat&suscipit=lectus&ligula=in&in=est&lacus=risus&curabitur=auctor&at=sed&ipsum=tristique,UtOdioCras.ppt,737,10,6/10/2027
69ca7d24fc13ae3c4435c10c,69ca7ce3fc13ae3a5e35bf9d,"Vestibulum ac est lacinia nisi venenatis tristique. Fusce congue, diam id ornare imperdiet, sapien urna pretium nisl, ut volutpat sapien arcu sed augue. Aliquam erat volutpat.

In congue. Etiam justo. Etiam pretium iaculis justo.",error: undefined method `first' for nil:NilClass,https://msn.com/lobortis/convallis/tortor.json?porttitor=tincidunt&pede=nulla&justo=mollis&eu=molestie&massa=lorem&donec=quisque&dapibus=ut&duis=erat&at=curabitur&velit=gravida&eu=nisi&est=at&congue=nibh&elementum=in&in=hac&hac=habitasse&habitasse=platea&platea=dictumst&dictumst=aliquam&morbi=augue&vestibulum=quam&velit=sollicitudin&id=vitae&pretium=consectetuer&iaculis=eget&diam=rutrum&erat=at&fermentum=lorem&justo=integer&nec=tincidunt&condimentum=ante&neque=vel&sapien=ipsum&placerat=praesent&ante=blandit&nulla=lacinia&justo=erat&aliquam=vestibulum&quis=sed&turpis=magna&eget=at&elit=nunc&sodales=commodo&scelerisque=placerat&mauris=praesent&sit=blandit&amet=nam&eros=nulla&suspendisse=integer&accumsan=pede&tortor=justo&quis=lacinia&turpis=eget&sed=tincidunt&ante=eget&vivamus=tempus&tortor=vel&duis=pede&mattis=morbi&egestas=porttitor&metus=lorem&aenean=id&fermentum=ligula&donec=suspendisse&ut=ornare&mauris=consequat&eget=lectus&massa=in&tempor=est&convallis=risus&nulla=auctor&neque=sed&libero=tristique&convallis=in&eget=tempus&eleifend=sit&luctus=amet&ultricies=sem&eu=fusce&nibh=consequat&quisque=nulla&id=nisl&justo=nunc&sit=nisl&amet=duis&sapien=bibendum&dignissim=felis&vestibulum=sed&vestibulum=interdum&ante=venenatis&ipsum=turpis,VelSem.xls,871,41,12/22/2026
69ca7d24fc13ae3c4435c10d,69ca7ce3fc13ae3a5e35bf9a,"Curabitur gravida nisi at nibh. In hac habitasse platea dictumst. Aliquam augue quam, sollicitudin vitae, consectetuer eget, rutrum at, lorem.

Integer tincidunt ante vel ipsum. Praesent blandit lacinia erat. Vestibulum sed magna at nunc commodo placerat.

Praesent blandit. Nam nulla. Integer pede justo, lacinia eget, tincidunt eget, tempus vel, pede.",error: undefined method `first' for nil:NilClass,http://upenn.edu/ut/massa/quis/augue/luctus.png?mollis=sociis&molestie=natoque&lorem=penatibus&quisque=et&ut=magnis&erat=dis&curabitur=parturient&gravida=montes&nisi=nascetur&at=ridiculus&nibh=mus&in=etiam&hac=vel&habitasse=augue&platea=vestibulum&dictumst=rutrum&aliquam=rutrum&augue=neque&quam=aenean&sollicitudin=auctor&vitae=gravida&consectetuer=sem&eget=praesent&rutrum=id&at=massa&lorem=id&integer=nisl&tincidunt=venenatis&ante=lacinia&vel=aenean&ipsum=sit&praesent=amet&blandit=justo&lacinia=morbi&erat=ut&vestibulum=odio&sed=cras&magna=mi&at=pede&nunc=malesuada&commodo=in&placerat=imperdiet&praesent=et&blandit=commodo&nam=vulputate&nulla=justo&integer=in&pede=blandit&justo=ultrices&lacinia=enim&eget=lorem&tincidunt=ipsum&eget=dolor&tempus=sit,MiNulla.xls,965,15,1/2/2028
69ca7d24fc13ae3c4435c10e,69ca7ce3fc13ae3a5e35bfbf,Nullam sit amet turpis elementum ligula vehicula consequat. Morbi a ipsum. Integer a nibh.,error: undefined method `first' for nil:NilClass,http://discuz.net/imperdiet/et/commodo/vulputate/justo.html?lacus=donec&morbi=pharetra&quis=magna&tortor=vestibulum&id=aliquet&nulla=ultrices&ultrices=erat&aliquet=tortor&maecenas=sollicitudin&leo=mi&odio=sit&condimentum=amet&id=lobortis&luctus=sapien&nec=sapien&molestie=non&sed=mi&justo=integer&pellentesque=ac&viverra=neque&pede=duis&ac=bibendum&diam=morbi&cras=non&pellentesque=quam&volutpat=nec&dui=dui&maecenas=luctus&tristique=rutrum&est=nulla&et=tellus&tempus=in&semper=sagittis&est=dui&quam=vel&pharetra=nisl&magna=duis&ac=ac&consequat=nibh&metus=fusce&sapien=lacus&ut=purus&nunc=aliquet,TinciduntInLeo.png,411,76,6/29/2025
69ca7d24fc13ae3c4435c10f,69ca7ce3fc13ae3a5e35bfb8,"Quisque porta volutpat erat. Quisque erat eros, viverra eget, congue eget, semper rutrum, nulla. Nunc purus.

Phasellus in felis. Donec semper sapien a libero. Nam dui.",error: undefined method `first' for nil:NilClass,http://geocities.com/tincidunt/nulla/mollis/molestie/lorem.xml?aliquam=pellentesque&sit=quisque&amet=porta&diam=volutpat&in=erat&magna=quisque&bibendum=erat&imperdiet=eros&nullam=viverra&orci=eget&pede=congue&venenatis=eget&non=semper&sodales=rutrum&sed=nulla&tincidunt=nunc&eu=purus&felis=phasellus&fusce=in&posuere=felis&felis=donec&sed=semper&lacus=sapien&morbi=a&sem=libero&mauris=nam&laoreet=dui&ut=proin&rhoncus=leo&aliquet=odio&pulvinar=porttitor&sed=id&nisl=consequat&nunc=in&rhoncus=consequat&dui=ut&vel=nulla&sem=sed&sed=accumsan&sagittis=felis&nam=ut&congue=at&risus=dolor&semper=quis&porta=odio&volutpat=consequat&quam=varius&pede=integer&lobortis=ac&ligula=leo&sit=pellentesque&amet=ultrices&eleifend=mattis&pede=odio&libero=donec&quis=vitae&orci=nisi&nullam=nam&molestie=ultrices&nibh=libero&in=non&lectus=mattis&pellentesque=pulvinar&at=nulla&nulla=pede&suspendisse=ullamcorper&potenti=augue&cras=a&in=suscipit&purus=nulla&eu=elit&magna=ac&vulputate=nulla&luctus=sed&cum=vel&sociis=enim&natoque=sit&penatibus=amet&et=nunc&magnis=viverra&dis=dapibus&parturient=nulla&montes=suscipit&nascetur=ligula&ridiculus=in&mus=lacus&vivamus=curabitur&vestibulum=at,PosuereMetus.txt,553,74,7/21/2021
69ca7d24fc13ae3c4435c110,69ca7ce3fc13ae3a5e35bfaf,"In congue. Etiam justo. Etiam pretium iaculis justo.

In hac habitasse platea dictumst. Etiam faucibus cursus urna. Ut tellus.

Nulla ut erat id mauris vulputate elementum. Nullam varius. Nulla facilisi.",error: undefined method `first' for nil:NilClass,http://blogger.com/aliquam/sit.aspx?ut=pretium&massa=nisl&volutpat=ut&convallis=volutpat&morbi=sapien&odio=arcu&odio=sed&elementum=augue&eu=aliquam&interdum=erat&eu=volutpat&tincidunt=in&in=congue&leo=etiam&maecenas=justo&pulvinar=etiam&lobortis=pretium&est=iaculis&phasellus=justo&sit=in&amet=hac&erat=habitasse&nulla=platea&tempus=dictumst&vivamus=etiam&in=faucibus&felis=cursus&eu=urna&sapien=ut&cursus=tellus&vestibulum=nulla&proin=ut&eu=erat&mi=id&nulla=mauris&ac=vulputate&enim=elementum&in=nullam&tempor=varius&turpis=nulla&nec=facilisi&euismod=cras&scelerisque=non&quam=velit&turpis=nec&adipiscing=nisi&lorem=vulputate&vitae=nonummy&mattis=maecenas&nibh=tincidunt&ligula=lacus&nec=at&sem=velit&duis=vivamus&aliquam=vel&convallis=nulla&nunc=eget&proin=eros&at=elementum&turpis=pellentesque&a=quisque&pede=porta&posuere=volutpat&nonummy=erat&integer=quisque&non=erat&velit=eros&donec=viverra&diam=eget&neque=congue&vestibulum=eget&eget=semper&vulputate=rutrum&ut=nulla&ultrices=nunc&vel=purus&augue=phasellus&vestibulum=in&ante=felis&ipsum=donec&primis=semper&in=sapien&faucibus=a&orci=libero&luctus=nam&et=dui&ultrices=proin&posuere=leo&cubilia=odio&curae=porttitor&donec=id&pharetra=consequat&magna=in&vestibulum=consequat&aliquet=ut&ultrices=nulla&erat=sed,Purus.ppt,35,11,9/9/2028
69ca7d24fc13ae3c4435c111,69ca7ce3fc13ae3a5e35bfbd,"Praesent blandit. Nam nulla. Integer pede justo, lacinia eget, tincidunt eget, tempus vel, pede.",error: undefined method `first' for nil:NilClass,https://livejournal.com/aliquam.js?lorem=rutrum&vitae=at&mattis=lorem&nibh=integer&ligula=tincidunt&nec=ante,Porttitor.xls,869,97,12/7/2025
69ca7d24fc13ae3c4435c112,69ca7ce3fc13ae3a5e35bf85,Etiam vel augue. Vestibulum rutrum rutrum neque. Aenean auctor gravida sem.,error: undefined method `first' for nil:NilClass,https://ebay.com/amet/cursus/id/turpis.json?habitasse=at&platea=nulla&dictumst=suspendisse&etiam=potenti&faucibus=cras&cursus=in&urna=purus&ut=eu&tellus=magna&nulla=vulputate&ut=luctus&erat=cum&id=sociis&mauris=natoque&vulputate=penatibus&elementum=et&nullam=magnis&varius=dis&nulla=parturient&facilisi=montes&cras=nascetur&non=ridiculus&velit=mus&nec=vivamus&nisi=vestibulum&vulputate=sagittis&nonummy=sapien&maecenas=cum&tincidunt=sociis&lacus=natoque&at=penatibus&velit=et&vivamus=magnis&vel=dis&nulla=parturient&eget=montes&eros=nascetur&elementum=ridiculus&pellentesque=mus&quisque=etiam&porta=vel&volutpat=augue&erat=vestibulum&quisque=rutrum&erat=rutrum&eros=neque&viverra=aenean&eget=auctor&congue=gravida&eget=sem&semper=praesent&rutrum=id,Congue.doc,263,26,10/5/2020
69ca7d24fc13ae3c4435c113,69ca7ce3fc13ae3a5e35bf73,"Suspendisse potenti. In eleifend quam a odio. In hac habitasse platea dictumst.

Maecenas ut massa quis augue luctus tincidunt. Nulla mollis molestie lorem. Quisque ut erat.",error: undefined method `first' for nil:NilClass,https://ft.com/pede/ullamcorper/augue/a/suscipit/nulla/elit.jpg?convallis=duis&morbi=faucibus&odio=accumsan&odio=odio&elementum=curabitur&eu=convallis&interdum=duis&eu=consequat&tincidunt=dui&in=nec&leo=nisi&maecenas=volutpat&pulvinar=eleifend&lobortis=donec&est=ut&phasellus=dolor&sit=morbi&amet=vel&erat=lectus&nulla=in&tempus=quam&vivamus=fringilla&in=rhoncus&felis=mauris&eu=enim&sapien=leo&cursus=rhoncus&vestibulum=sed&proin=vestibulum&eu=sit&mi=amet&nulla=cursus&ac=id&enim=turpis&in=integer&tempor=aliquet&turpis=massa&nec=id&euismod=lobortis&scelerisque=convallis&quam=tortor&turpis=risus&adipiscing=dapibus&lorem=augue&vitae=vel&mattis=accumsan&nibh=tellus&ligula=nisi&nec=eu&sem=orci&duis=mauris&aliquam=lacinia&convallis=sapien&nunc=quis&proin=libero&at=nullam&turpis=sit&a=amet&pede=turpis&posuere=elementum&nonummy=ligula&integer=vehicula&non=consequat&velit=morbi&donec=a&diam=ipsum&neque=integer&vestibulum=a&eget=nibh&vulputate=in&ut=quis&ultrices=justo&vel=maecenas&augue=rhoncus&vestibulum=aliquam&ante=lacus&ipsum=morbi,Orci.xls,960,41,6/1/2023
69ca7d24fc13ae3c4435c114,69ca7ce3fc13ae3a5e35bf93,"Curabitur gravida nisi at nibh. In hac habitasse platea dictumst. Aliquam augue quam, sollicitudin vitae, consectetuer eget, rutrum at, lorem.

Integer tincidunt ante vel ipsum. Praesent blandit lacinia erat. Vestibulum sed magna at nunc commodo placerat.

Praesent blandit. Nam nulla. Integer pede justo, lacinia eget, tincidunt eget, tempus vel, pede.",error: undefined method `first' for nil:NilClass,http://elpais.com/risus/auctor/sed.js?in=dapibus&faucibus=dolor&orci=vel,VestibulumVestibulum.ppt,601,86,10/19/2025
69ca7d24fc13ae3c4435c115,69ca7ce3fc13ae3a5e35bf7e,"Maecenas tristique, est et tempus semper, est quam pharetra magna, ac consequat metus sapien ut nunc. Vestibulum ante ipsum primis in faucibus orci luctus et ultrices posuere cubilia Curae; Mauris viverra diam vitae quam. Suspendisse potenti.

Nullam porttitor lacus at turpis. Donec posuere metus vitae ipsum. Aliquam non mauris.

Morbi non lectus. Aliquam sit amet diam in magna bibendum imperdiet. Nullam orci pede, venenatis non, sodales sed, tincidunt eu, felis.",error: undefined method `first' for nil:NilClass,https://wikimedia.org/ultrices/erat.png?praesent=nunc&id=rhoncus&massa=dui&id=vel&nisl=sem&venenatis=sed&lacinia=sagittis&aenean=nam&sit=congue&amet=risus&justo=semper&morbi=porta&ut=volutpat&odio=quam&cras=pede&mi=lobortis&pede=ligula&malesuada=sit&in=amet&imperdiet=eleifend&et=pede&commodo=libero&vulputate=quis&justo=orci&in=nullam&blandit=molestie&ultrices=nibh&enim=in&lorem=lectus&ipsum=pellentesque&dolor=at,AmetTurpis.tiff,971,58,10/23/2022
69ca7d24fc13ae3c4435c116,69ca7ce3fc13ae3a5e35bfb4,"Aenean lectus. Pellentesque eget nunc. Donec quis orci eget orci vehicula condimentum.

Curabitur in libero ut massa volutpat convallis. Morbi odio odio, elementum eu, interdum eu, tincidunt in, leo. Maecenas pulvinar lobortis est.

Phasellus sit amet erat. Nulla tempus. Vivamus in felis eu sapien cursus vestibulum.",error: undefined method `first' for nil:NilClass,https://omniture.com/ut.png?vestibulum=augue,TristiqueIn.ppt,424,27,6/5/2021
69ca7d24fc13ae3c4435c117,69ca7ce3fc13ae3a5e35bf96,"Morbi porttitor lorem id ligula. Suspendisse ornare consequat lectus. In est risus, auctor sed, tristique in, tempus sit amet, sem.

Fusce consequat. Nulla nisl. Nunc nisl.

Duis bibendum, felis sed interdum venenatis, turpis enim blandit mi, in porttitor pede justo eu massa. Donec dapibus. Duis at velit eu est congue elementum.",error: undefined method `first' for nil:NilClass,http://unblog.fr/quis/lectus/suspendisse/potenti/in/eleifend.xml?interdum=magna&mauris=bibendum&ullamcorper=imperdiet&purus=nullam&sit=orci&amet=pede&nulla=venenatis&quisque=non&arcu=sodales&libero=sed&rutrum=tincidunt&ac=eu&lobortis=felis,Sagittis.mp3,159,35,11/24/2021
69ca7d24fc13ae3c4435c118,69ca7ce3fc13ae3a5e35bfb2,"Proin leo odio, porttitor id, consequat in, consequat ut, nulla. Sed accumsan felis. Ut at dolor quis odio consequat varius.

Integer ac leo. Pellentesque ultrices mattis odio. Donec vitae nisi.",error: undefined method `first' for nil:NilClass,http://cisco.com/ac/nibh/fusce/lacus/purus/aliquet/at.xml?id=id&ornare=nulla&imperdiet=ultrices&sapien=aliquet&urna=maecenas&pretium=leo&nisl=odio&ut=condimentum&volutpat=id&sapien=luctus&arcu=nec&sed=molestie&augue=sed&aliquam=justo&erat=pellentesque&volutpat=viverra&in=pede&congue=ac&etiam=diam&justo=cras&etiam=pellentesque&pretium=volutpat&iaculis=dui&justo=maecenas&in=tristique&hac=est&habitasse=et&platea=tempus&dictumst=semper&etiam=est&faucibus=quam&cursus=pharetra,JustoSollicitudin.mp3,980,88,10/21/2024
69ca7d24fc13ae3c4435c119,69ca7ce3fc13ae3a5e35bfa3,"Curabitur in libero ut massa volutpat convallis. Morbi odio odio, elementum eu, interdum eu, tincidunt in, leo. Maecenas pulvinar lobortis est.

Phasellus sit amet erat. Nulla tempus. Vivamus in felis eu sapien cursus vestibulum.

Proin eu mi. Nulla ac enim. In tempor, turpis nec euismod scelerisque, quam turpis adipiscing lorem, vitae mattis nibh ligula nec sem.",error: undefined method `first' for nil:NilClass,https://springer.com/sit/amet.html?fringilla=sem&rhoncus=mauris&mauris=laoreet&enim=ut&leo=rhoncus&rhoncus=aliquet&sed=pulvinar&vestibulum=sed&sit=nisl&amet=nunc&cursus=rhoncus&id=dui&turpis=vel&integer=sem&aliquet=sed&massa=sagittis&id=nam&lobortis=congue&convallis=risus&tortor=semper&risus=porta&dapibus=volutpat&augue=quam&vel=pede&accumsan=lobortis&tellus=ligula&nisi=sit&eu=amet&orci=eleifend&mauris=pede&lacinia=libero&sapien=quis&quis=orci&libero=nullam&nullam=molestie&sit=nibh&amet=in&turpis=lectus&elementum=pellentesque&ligula=at&vehicula=nulla&consequat=suspendisse&morbi=potenti&a=cras&ipsum=in&integer=purus&a=eu&nibh=magna&in=vulputate&quis=luctus&justo=cum&maecenas=sociis&rhoncus=natoque&aliquam=penatibus&lacus=et&morbi=magnis&quis=dis&tortor=parturient&id=montes&nulla=nascetur&ultrices=ridiculus&aliquet=mus&maecenas=vivamus&leo=vestibulum&odio=sagittis&condimentum=sapien&id=cum&luctus=sociis&nec=natoque&molestie=penatibus&sed=et&justo=magnis&pellentesque=dis&viverra=parturient&pede=montes&ac=nascetur&diam=ridiculus&cras=mus&pellentesque=etiam&volutpat=vel&dui=augue&maecenas=vestibulum,PhasellusId.mp3,189,78,8/27/2026
69ca7d24fc13ae3c4435c11a,69ca7ce3fc13ae3a5e35bfc5,Aliquam quis turpis eget elit sodales scelerisque. Mauris sit amet eros. Suspendisse accumsan tortor quis turpis.,error: undefined method `first' for nil:NilClass,http://examiner.com/dis/parturient/montes/nascetur/ridiculus/mus/etiam.xml?id=nibh&lobortis=fusce&convallis=lacus&tortor=purus&risus=aliquet&dapibus=at&augue=feugiat&vel=non&accumsan=pretium&tellus=quis&nisi=lectus&eu=suspendisse&orci=potenti&mauris=in&lacinia=eleifend&sapien=quam&quis=a,PlaceratPraesentBlandit.avi,295,15,10/5/2028
69ca7d24fc13ae3c4435c11b,69ca7ce3fc13ae3a5e35bfce,"Nullam sit amet turpis elementum ligula vehicula consequat. Morbi a ipsum. Integer a nibh.

In quis justo. Maecenas rhoncus aliquam lacus. Morbi quis tortor id nulla ultrices aliquet.

Maecenas leo odio, condimentum id, luctus nec, molestie sed, justo. Pellentesque viverra pede ac diam. Cras pellentesque volutpat dui.",error: undefined method `first' for nil:NilClass,https://usatoday.com/risus/auctor.json?sapien=leo&varius=odio&ut=condimentum&blandit=id&non=luctus&interdum=nec&in=molestie&ante=sed&vestibulum=justo&ante=pellentesque&ipsum=viverra&primis=pede&in=ac&faucibus=diam&orci=cras&luctus=pellentesque&et=volutpat&ultrices=dui&posuere=maecenas&cubilia=tristique&curae=est&duis=et,MaurisMorbi.mov,899,27,4/17/2027
69ca7d24fc13ae3c4435c11c,69ca7ce3fc13ae3a5e35bf9f,"In quis justo. Maecenas rhoncus aliquam lacus. Morbi quis tortor id nulla ultrices aliquet.

Maecenas leo odio, condimentum id, luctus nec, molestie sed, justo. Pellentesque viverra pede ac diam. Cras pellentesque volutpat dui.",error: undefined method `first' for nil:NilClass,http://printfriendly.com/sed/nisl.html?blandit=enim&mi=blandit&in=mi&porttitor=in&pede=porttitor&justo=pede&eu=justo&massa=eu&donec=massa&dapibus=donec&duis=dapibus&at=duis&velit=at&eu=velit&est=eu&congue=est&elementum=congue&in=elementum&hac=in&habitasse=hac&platea=habitasse&dictumst=platea&morbi=dictumst&vestibulum=morbi&velit=vestibulum&id=velit&pretium=id&iaculis=pretium&diam=iaculis&erat=diam&fermentum=erat&justo=fermentum&nec=justo&condimentum=nec&neque=condimentum&sapien=neque&placerat=sapien&ante=placerat&nulla=ante&justo=nulla&aliquam=justo&quis=aliquam&turpis=quis&eget=turpis&elit=eget&sodales=elit&scelerisque=sodales&mauris=scelerisque&sit=mauris&amet=sit&eros=amet&suspendisse=eros&accumsan=suspendisse,HacHabitasse.xls,714,71,1/10/2028
69ca7d24fc13ae3c4435c11d,69ca7ce3fc13ae3a5e35bfb6,"Duis bibendum, felis sed interdum venenatis, turpis enim blandit mi, in porttitor pede justo eu massa. Donec dapibus. Duis at velit eu est congue elementum.

In hac habitasse platea dictumst. Morbi vestibulum, velit id pretium iaculis, diam erat fermentum justo, nec condimentum neque sapien placerat ante. Nulla justo.

Aliquam quis turpis eget elit sodales scelerisque. Mauris sit amet eros. Suspendisse accumsan tortor quis turpis.",error: undefined method `first' for nil:NilClass,http://goo.gl/fusce.xml?sapien=nibh&urna=in&pretium=quis&nisl=justo&ut=maecenas&volutpat=rhoncus&sapien=aliquam&arcu=lacus&sed=morbi&augue=quis&aliquam=tortor&erat=id&volutpat=nulla&in=ultrices&congue=aliquet&etiam=maecenas&justo=leo&etiam=odio&pretium=condimentum&iaculis=id,MagnaAt.ppt,538,88,8/15/2022
69ca7d24fc13ae3c4435c11e,69ca7ce3fc13ae3a5e35bf75,"Donec diam neque, vestibulum eget, vulputate ut, ultrices vel, augue. Vestibulum ante ipsum primis in faucibus orci luctus et ultrices posuere cubilia Curae; Donec pharetra, magna vestibulum aliquet ultrices, erat tortor sollicitudin mi, sit amet lobortis sapien sapien non mi. Integer ac neque.",error: undefined method `first' for nil:NilClass,http://ifeng.com/diam.jsp?praesent=ipsum&blandit=aliquam&nam=non&nulla=mauris&integer=morbi&pede=non&justo=lectus&lacinia=aliquam&eget=sit&tincidunt=amet&eget=diam&tempus=in&vel=magna&pede=bibendum&morbi=imperdiet&porttitor=nullam&lorem=orci&id=pede&ligula=venenatis&suspendisse=non&ornare=sodales&consequat=sed&lectus=tincidunt&in=eu&est=felis&risus=fusce&auctor=posuere&sed=felis&tristique=sed&in=lacus&tempus=morbi&sit=sem&amet=mauris&sem=laoreet&fusce=ut&consequat=rhoncus&nulla=aliquet&nisl=pulvinar&nunc=sed&nisl=nisl&duis=nunc&bibendum=rhoncus&felis=dui&sed=vel&interdum=sem&venenatis=sed&turpis=sagittis&enim=nam&blandit=congue&mi=risus&in=semper&porttitor=porta&pede=volutpat&justo=quam&eu=pede&massa=lobortis&donec=ligula&dapibus=sit&duis=amet&at=eleifend&velit=pede&eu=libero&est=quis&congue=orci&elementum=nullam&in=molestie&hac=nibh&habitasse=in&platea=lectus&dictumst=pellentesque&morbi=at&vestibulum=nulla&velit=suspendisse&id=potenti&pretium=cras&iaculis=in&diam=purus&erat=eu&fermentum=magna&justo=vulputate,UtNuncVestibulum.tiff,817,37,4/12/2021
69ca7d24fc13ae3c4435c11f,69ca7ce3fc13ae3a5e35bf9e,"Nulla ut erat id mauris vulputate elementum. Nullam varius. Nulla facilisi.

Cras non velit nec nisi vulputate nonummy. Maecenas tincidunt lacus at velit. Vivamus vel nulla eget eros elementum pellentesque.

Quisque porta volutpat erat. Quisque erat eros, viverra eget, congue eget, semper rutrum, nulla. Nunc purus.",error: undefined method `first' for nil:NilClass,https://ask.com/aenean/auctor/gravida/sem/praesent/id/massa.aspx?condimentum=vestibulum&curabitur=ante&in=ipsum&libero=primis&ut=in&massa=faucibus&volutpat=orci&convallis=luctus&morbi=et&odio=ultrices&odio=posuere&elementum=cubilia&eu=curae&interdum=mauris&eu=viverra&tincidunt=diam&in=vitae&leo=quam&maecenas=suspendisse&pulvinar=potenti&lobortis=nullam&est=porttitor&phasellus=lacus&sit=at&amet=turpis&erat=donec&nulla=posuere&tempus=metus&vivamus=vitae&in=ipsum&felis=aliquam&eu=non&sapien=mauris&cursus=morbi&vestibulum=non&proin=lectus&eu=aliquam&mi=sit&nulla=amet&ac=diam&enim=in&in=magna&tempor=bibendum&turpis=imperdiet&nec=nullam&euismod=orci&scelerisque=pede&quam=venenatis&turpis=non&adipiscing=sodales&lorem=sed&vitae=tincidunt&mattis=eu&nibh=felis&ligula=fusce&nec=posuere&sem=felis&duis=sed&aliquam=lacus&convallis=morbi&nunc=sem&proin=mauris&at=laoreet&turpis=ut&a=rhoncus&pede=aliquet&posuere=pulvinar&nonummy=sed&integer=nisl&non=nunc&velit=rhoncus&donec=dui&diam=vel&neque=sem&vestibulum=sed&eget=sagittis&vulputate=nam&ut=congue&ultrices=risus&vel=semper&augue=porta&vestibulum=volutpat&ante=quam&ipsum=pede&primis=lobortis&in=ligula&faucibus=sit&orci=amet&luctus=eleifend&et=pede&ultrices=libero&posuere=quis&cubilia=orci,MattisNibh.pdf,37,38,4/11/2021
69ca7d24fc13ae3c4435c120,69ca7ce3fc13ae3a5e35bf86,"Praesent id massa id nisl venenatis lacinia. Aenean sit amet justo. Morbi ut odio.

Cras mi pede, malesuada in, imperdiet et, commodo vulputate, justo. In blandit ultrices enim. Lorem ipsum dolor sit amet, consectetuer adipiscing elit.",error: undefined method `first' for nil:NilClass,https://utexas.edu/nulla/sed/vel/enim.jsp?mi=integer&nulla=aliquet&ac=massa&enim=id&in=lobortis&tempor=convallis&turpis=tortor&nec=risus&euismod=dapibus&scelerisque=augue&quam=vel&turpis=accumsan&adipiscing=tellus&lorem=nisi&vitae=eu&mattis=orci&nibh=mauris&ligula=lacinia&nec=sapien&sem=quis&duis=libero&aliquam=nullam&convallis=sit&nunc=amet&proin=turpis&at=elementum&turpis=ligula&a=vehicula&pede=consequat&posuere=morbi&nonummy=a&integer=ipsum&non=integer&velit=a&donec=nibh&diam=in&neque=quis&vestibulum=justo&eget=maecenas&vulputate=rhoncus&ut=aliquam&ultrices=lacus&vel=morbi&augue=quis&vestibulum=tortor&ante=id&ipsum=nulla&primis=ultrices&in=aliquet&faucibus=maecenas&orci=leo&luctus=odio,CurabiturAtIpsum.png,43,4,4/23/2027
69ca7d24fc13ae3c4435c121,69ca7ce3fc13ae3a5e35bf89,"Proin interdum mauris non ligula pellentesque ultrices. Phasellus id sapien in sapien iaculis congue. Vivamus metus arcu, adipiscing molestie, hendrerit at, vulputate vitae, nisl.",error: undefined method `first' for nil:NilClass,http://bing.com/sed/lacus/morbi/sem/mauris.png?pede=a&libero=ipsum&quis=integer&orci=a&nullam=nibh&molestie=in&nibh=quis&in=justo&lectus=maecenas&pellentesque=rhoncus&at=aliquam&nulla=lacus&suspendisse=morbi&potenti=quis&cras=tortor&in=id&purus=nulla&eu=ultrices&magna=aliquet&vulputate=maecenas&luctus=leo&cum=odio&sociis=condimentum&natoque=id&penatibus=luctus&et=nec&magnis=molestie&dis=sed&parturient=justo&montes=pellentesque&nascetur=viverra&ridiculus=pede&mus=ac&vivamus=diam&vestibulum=cras&sagittis=pellentesque&sapien=volutpat&cum=dui&sociis=maecenas&natoque=tristique,AugueAliquam.tiff,958,8,1/11/2027
69ca7d24fc13ae3c4435c122,69ca7ce3fc13ae3a5e35bf83,"Sed ante. Vivamus tortor. Duis mattis egestas metus.

Aenean fermentum. Donec ut mauris eget massa tempor convallis. Nulla neque libero, convallis eget, eleifend luctus, ultricies eu, nibh.",error: undefined method `first' for nil:NilClass,https://is.gd/massa/volutpat/convallis/morbi.json?curabitur=in&gravida=consequat&nisi=ut&at=nulla&nibh=sed&in=accumsan&hac=felis&habitasse=ut&platea=at&dictumst=dolor&aliquam=quis&augue=odio&quam=consequat&sollicitudin=varius&vitae=integer&consectetuer=ac&eget=leo&rutrum=pellentesque&at=ultrices&lorem=mattis&integer=odio&tincidunt=donec&ante=vitae&vel=nisi&ipsum=nam&praesent=ultrices&blandit=libero&lacinia=non&erat=mattis&vestibulum=pulvinar&sed=nulla&magna=pede&at=ullamcorper&nunc=augue&commodo=a&placerat=suscipit&praesent=nulla&blandit=elit&nam=ac&nulla=nulla&integer=sed&pede=vel&justo=enim&lacinia=sit&eget=amet&tincidunt=nunc&eget=viverra&tempus=dapibus&vel=nulla&pede=suscipit&morbi=ligula&porttitor=in&lorem=lacus&id=curabitur&ligula=at&suspendisse=ipsum&ornare=ac&consequat=tellus&lectus=semper&in=interdum&est=mauris&risus=ullamcorper&auctor=purus&sed=sit&tristique=amet&in=nulla&tempus=quisque&sit=arcu&amet=libero,AliquamAugue.doc,522,58,4/4/2028
69ca7d24fc13ae3c4435c123,69ca7ce3fc13ae3a5e35bfbb,"Mauris enim leo, rhoncus sed, vestibulum sit amet, cursus id, turpis. Integer aliquet, massa id lobortis convallis, tortor risus dapibus augue, vel accumsan tellus nisi eu orci. Mauris lacinia sapien quis libero.

Nullam sit amet turpis elementum ligula vehicula consequat. Morbi a ipsum. Integer a nibh.",error: undefined method `first' for nil:NilClass,http://xrea.com/id/nulla/ultrices/aliquet.jpg?molestie=justo&hendrerit=lacinia&at=eget&vulputate=tincidunt&vitae=eget&nisl=tempus&aenean=vel&lectus=pede&pellentesque=morbi&eget=porttitor&nunc=lorem&donec=id&quis=ligula&orci=suspendisse&eget=ornare&orci=consequat&vehicula=lectus&condimentum=in&curabitur=est&in=risus&libero=auctor&ut=sed&massa=tristique&volutpat=in&convallis=tempus&morbi=sit&odio=amet&odio=sem&elementum=fusce&eu=consequat&interdum=nulla&eu=nisl&tincidunt=nunc&in=nisl&leo=duis&maecenas=bibendum&pulvinar=felis&lobortis=sed&est=interdum&phasellus=venenatis&sit=turpis&amet=enim,SemperEstQuam.xls,432,54,7/26/2025
69ca7d24fc13ae3c4435c124,69ca7ce3fc13ae3a5e35bfa5,Sed ante. Vivamus tortor. Duis mattis egestas metus.,error: undefined method `first' for nil:NilClass,https://opensource.org/non/velit/nec/nisi.js?in=sagittis&purus=dui&eu=vel&magna=nisl&vulputate=duis&luctus=ac&cum=nibh&sociis=fusce&natoque=lacus&penatibus=purus,PedeUllamcorper.ppt,729,47,4/27/2022
69ca7d24fc13ae3c4435c125,69ca7ce3fc13ae3a5e35bfd3,"Phasellus in felis. Donec semper sapien a libero. Nam dui.

Proin leo odio, porttitor id, consequat in, consequat ut, nulla. Sed accumsan felis. Ut at dolor quis odio consequat varius.",error: undefined method `first' for nil:NilClass,http://networkadvertising.org/tempus/vivamus/in/felis/eu.html?nibh=eleifend&in=quam&quis=a&justo=odio&maecenas=in&rhoncus=hac&aliquam=habitasse&lacus=platea&morbi=dictumst&quis=maecenas&tortor=ut&id=massa&nulla=quis&ultrices=augue&aliquet=luctus&maecenas=tincidunt&leo=nulla&odio=mollis&condimentum=molestie&id=lorem&luctus=quisque&nec=ut&molestie=erat&sed=curabitur&justo=gravida&pellentesque=nisi&viverra=at&pede=nibh&ac=in&diam=hac&cras=habitasse&pellentesque=platea&volutpat=dictumst&dui=aliquam&maecenas=augue&tristique=quam&est=sollicitudin&et=vitae&tempus=consectetuer&semper=eget&est=rutrum&quam=at&pharetra=lorem&magna=integer&ac=tincidunt&consequat=ante&metus=vel&sapien=ipsum&ut=praesent&nunc=blandit&vestibulum=lacinia&ante=erat&ipsum=vestibulum&primis=sed&in=magna&faucibus=at&orci=nunc&luctus=commodo&et=placerat&ultrices=praesent&posuere=blandit&cubilia=nam&curae=nulla&mauris=integer&viverra=pede&diam=justo&vitae=lacinia&quam=eget&suspendisse=tincidunt&potenti=eget&nullam=tempus&porttitor=vel&lacus=pede&at=morbi&turpis=porttitor&donec=lorem&posuere=id&metus=ligula&vitae=suspendisse&ipsum=ornare&aliquam=consequat&non=lectus&mauris=in&morbi=est&non=risus&lectus=auctor&aliquam=sed&sit=tristique&amet=in&diam=tempus&in=sit,Et.mov,588,22,7/17/2023
69ca7d24fc13ae3c4435c126,69ca7ce3fc13ae3a5e35bf7f,"In quis justo. Maecenas rhoncus aliquam lacus. Morbi quis tortor id nulla ultrices aliquet.

Maecenas leo odio, condimentum id, luctus nec, molestie sed, justo. Pellentesque viverra pede ac diam. Cras pellentesque volutpat dui.

Maecenas tristique, est et tempus semper, est quam pharetra magna, ac consequat metus sapien ut nunc. Vestibulum ante ipsum primis in faucibus orci luctus et ultrices posuere cubilia Curae; Mauris viverra diam vitae quam. Suspendisse potenti.",error: undefined method `first' for nil:NilClass,https://gnu.org/in/leo/maecenas/pulvinar/lobortis/est.js?diam=sollicitudin&in=mi&magna=sit&bibendum=amet&imperdiet=lobortis&nullam=sapien&orci=sapien&pede=non&venenatis=mi&non=integer&sodales=ac&sed=neque&tincidunt=duis&eu=bibendum&felis=morbi&fusce=non&posuere=quam&felis=nec&sed=dui&lacus=luctus&morbi=rutrum&sem=nulla&mauris=tellus&laoreet=in&ut=sagittis&rhoncus=dui&aliquet=vel&pulvinar=nisl&sed=duis&nisl=ac&nunc=nibh&rhoncus=fusce&dui=lacus&vel=purus&sem=aliquet&sed=at&sagittis=feugiat&nam=non&congue=pretium&risus=quis&semper=lectus&porta=suspendisse&volutpat=potenti&quam=in&pede=eleifend&lobortis=quam&ligula=a&sit=odio&amet=in&eleifend=hac&pede=habitasse&libero=platea&quis=dictumst&orci=maecenas&nullam=ut&molestie=massa&nibh=quis&in=augue&lectus=luctus&pellentesque=tincidunt&at=nulla&nulla=mollis&suspendisse=molestie&potenti=lorem&cras=quisque&in=ut&purus=erat&eu=curabitur&magna=gravida&vulputate=nisi&luctus=at&cum=nibh&sociis=in&natoque=hac&penatibus=habitasse&et=platea&magnis=dictumst&dis=aliquam&parturient=augue&montes=quam&nascetur=sollicitudin&ridiculus=vitae&mus=consectetuer&vivamus=eget&vestibulum=rutrum&sagittis=at&sapien=lorem&cum=integer&sociis=tincidunt&natoque=ante&penatibus=vel&et=ipsum&magnis=praesent,LoremIpsumDolor.pdf,195,99,2/12/2020
69ca7d24fc13ae3c4435c127,69ca7ce3fc13ae3a5e35bf9b,In quis justo. Maecenas rhoncus aliquam lacus. Morbi quis tortor id nulla ultrices aliquet.,error: undefined method `first' for nil:NilClass,https://diigo.com/sed/ante/vivamus/tortor/duis/mattis/egestas.html?a=diam&libero=cras&nam=pellentesque&dui=volutpat&proin=dui&leo=maecenas&odio=tristique&porttitor=est&id=et&consequat=tempus&in=semper&consequat=est&ut=quam&nulla=pharetra&sed=magna&accumsan=ac&felis=consequat&ut=metus&at=sapien&dolor=ut&quis=nunc&odio=vestibulum&consequat=ante&varius=ipsum&integer=primis&ac=in&leo=faucibus&pellentesque=orci&ultrices=luctus&mattis=et&odio=ultrices&donec=posuere&vitae=cubilia&nisi=curae&nam=mauris&ultrices=viverra&libero=diam&non=vitae&mattis=quam&pulvinar=suspendisse&nulla=potenti&pede=nullam&ullamcorper=porttitor&augue=lacus&a=at&suscipit=turpis&nulla=donec&elit=posuere&ac=metus&nulla=vitae&sed=ipsum&vel=aliquam&enim=non&sit=mauris&amet=morbi&nunc=non&viverra=lectus&dapibus=aliquam&nulla=sit&suscipit=amet&ligula=diam&in=in&lacus=magna&curabitur=bibendum&at=imperdiet&ipsum=nullam&ac=orci&tellus=pede&semper=venenatis&interdum=non&mauris=sodales&ullamcorper=sed&purus=tincidunt&sit=eu&amet=felis&nulla=fusce&quisque=posuere&arcu=felis&libero=sed&rutrum=lacus&ac=morbi,HacHabitassePlatea.avi,159,8,12/12/2021
69ca7d24fc13ae3c4435c128,69ca7ce3fc13ae3a5e35bfa8,"Curabitur gravida nisi at nibh. In hac habitasse platea dictumst. Aliquam augue quam, sollicitudin vitae, consectetuer eget, rutrum at, lorem.

Integer tincidunt ante vel ipsum. Praesent blandit lacinia erat. Vestibulum sed magna at nunc commodo placerat.",error: undefined method `first' for nil:NilClass,http://hao123.com/consectetuer/adipiscing/elit/proin/interdum/mauris/non.json?duis=at&aliquam=nulla&convallis=suspendisse&nunc=potenti&proin=cras&at=in&turpis=purus&a=eu&pede=magna&posuere=vulputate&nonummy=luctus&integer=cum&non=sociis&velit=natoque&donec=penatibus&diam=et&neque=magnis&vestibulum=dis&eget=parturient&vulputate=montes&ut=nascetur&ultrices=ridiculus&vel=mus&augue=vivamus&vestibulum=vestibulum&ante=sagittis&ipsum=sapien&primis=cum&in=sociis&faucibus=natoque&orci=penatibus&luctus=et&et=magnis&ultrices=dis&posuere=parturient&cubilia=montes&curae=nascetur&donec=ridiculus&pharetra=mus&magna=etiam&vestibulum=vel&aliquet=augue&ultrices=vestibulum&erat=rutrum&tortor=rutrum&sollicitudin=neque&mi=aenean&sit=auctor&amet=gravida&lobortis=sem&sapien=praesent&sapien=id&non=massa&mi=id&integer=nisl&ac=venenatis&neque=lacinia&duis=aenean&bibendum=sit&morbi=amet&non=justo&quam=morbi&nec=ut&dui=odio&luctus=cras&rutrum=mi&nulla=pede&tellus=malesuada&in=in&sagittis=imperdiet&dui=et&vel=commodo&nisl=vulputate&duis=justo&ac=in&nibh=blandit&fusce=ultrices&lacus=enim&purus=lorem&aliquet=ipsum&at=dolor&feugiat=sit&non=amet&pretium=consectetuer&quis=adipiscing&lectus=elit&suspendisse=proin&potenti=interdum&in=mauris&eleifend=non&quam=ligula,Dolor.png,371,40,5/21/2020
69ca7d24fc13ae3c4435c129,69ca7ce3fc13ae3a5e35bfb0,"Curabitur gravida nisi at nibh. In hac habitasse platea dictumst. Aliquam augue quam, sollicitudin vitae, consectetuer eget, rutrum at, lorem.

Integer tincidunt ante vel ipsum. Praesent blandit lacinia erat. Vestibulum sed magna at nunc commodo placerat.",error: undefined method `first' for nil:NilClass,https://toplist.cz/at/nibh/in/hac/habitasse/platea.js?massa=fusce&tempor=congue&convallis=diam&nulla=id&neque=ornare&libero=imperdiet&convallis=sapien&eget=urna&eleifend=pretium&luctus=nisl&ultricies=ut&eu=volutpat&nibh=sapien&quisque=arcu&id=sed&justo=augue&sit=aliquam&amet=erat&sapien=volutpat&dignissim=in&vestibulum=congue&vestibulum=etiam&ante=justo&ipsum=etiam,Pede.tiff,363,32,4/27/2023
69ca7d24fc13ae3c4435c12a,69ca7ce3fc13ae3a5e35bfd1,"Curabitur gravida nisi at nibh. In hac habitasse platea dictumst. Aliquam augue quam, sollicitudin vitae, consectetuer eget, rutrum at, lorem.

Integer tincidunt ante vel ipsum. Praesent blandit lacinia erat. Vestibulum sed magna at nunc commodo placerat.",error: undefined method `first' for nil:NilClass,https://smugmug.com/lorem/ipsum/dolor.jpg?sed=ut&sagittis=ultrices&nam=vel&congue=augue&risus=vestibulum&semper=ante&porta=ipsum&volutpat=primis&quam=in&pede=faucibus&lobortis=orci&ligula=luctus&sit=et&amet=ultrices&eleifend=posuere&pede=cubilia&libero=curae&quis=donec&orci=pharetra&nullam=magna&molestie=vestibulum&nibh=aliquet&in=ultrices&lectus=erat&pellentesque=tortor&at=sollicitudin&nulla=mi&suspendisse=sit&potenti=amet&cras=lobortis&in=sapien&purus=sapien&eu=non&magna=mi&vulputate=integer&luctus=ac&cum=neque&sociis=duis&natoque=bibendum&penatibus=morbi&et=non&magnis=quam&dis=nec&parturient=dui&montes=luctus&nascetur=rutrum&ridiculus=nulla&mus=tellus&vivamus=in&vestibulum=sagittis&sagittis=dui&sapien=vel&cum=nisl&sociis=duis&natoque=ac&penatibus=nibh&et=fusce&magnis=lacus&dis=purus&parturient=aliquet&montes=at&nascetur=feugiat&ridiculus=non,EuOrci.ppt,312,43,5/8/2023
69ca7d24fc13ae3c4435c12b,69ca7ce3fc13ae3a5e35bf7b,"Nulla ut erat id mauris vulputate elementum. Nullam varius. Nulla facilisi.

Cras non velit nec nisi vulputate nonummy. Maecenas tincidunt lacus at velit. Vivamus vel nulla eget eros elementum pellentesque.",error: undefined method `first' for nil:NilClass,https://microsoft.com/sit/amet/consectetuer/adipiscing/elit.png?aliquet=curae&pulvinar=duis&sed=faucibus&nisl=accumsan&nunc=odio&rhoncus=curabitur&dui=convallis&vel=duis&sem=consequat&sed=dui&sagittis=nec&nam=nisi&congue=volutpat&risus=eleifend&semper=donec&porta=ut&volutpat=dolor&quam=morbi&pede=vel&lobortis=lectus&ligula=in&sit=quam&amet=fringilla&eleifend=rhoncus&pede=mauris&libero=enim&quis=leo&orci=rhoncus&nullam=sed&molestie=vestibulum&nibh=sit&in=amet&lectus=cursus&pellentesque=id&at=turpis&nulla=integer&suspendisse=aliquet&potenti=massa&cras=id&in=lobortis&purus=convallis&eu=tortor&magna=risus&vulputate=dapibus&luctus=augue&cum=vel&sociis=accumsan&natoque=tellus&penatibus=nisi&et=eu&magnis=orci&dis=mauris&parturient=lacinia&montes=sapien&nascetur=quis&ridiculus=libero&mus=nullam&vivamus=sit&vestibulum=amet&sagittis=turpis&sapien=elementum&cum=ligula&sociis=vehicula&natoque=consequat&penatibus=morbi&et=a&magnis=ipsum&dis=integer&parturient=a&montes=nibh&nascetur=in&ridiculus=quis&mus=justo&etiam=maecenas&vel=rhoncus&augue=aliquam&vestibulum=lacus&rutrum=morbi&rutrum=quis&neque=tortor&aenean=id&auctor=nulla&gravida=ultrices&sem=aliquet&praesent=maecenas&id=leo&massa=odio&id=condimentum&nisl=id&venenatis=luctus&lacinia=nec&aenean=molestie&sit=sed&amet=justo&justo=pellentesque&morbi=viverra&ut=pede&odio=ac,NecDuiLuctus.png,283,33,10/22/2023
69ca7d24fc13ae3c4435c12c,69ca7ce3fc13ae3a5e35bfa9,"Aenean lectus. Pellentesque eget nunc. Donec quis orci eget orci vehicula condimentum.

Curabitur in libero ut massa volutpat convallis. Morbi odio odio, elementum eu, interdum eu, tincidunt in, leo. Maecenas pulvinar lobortis est.

Phasellus sit amet erat. Nulla tempus. Vivamus in felis eu sapien cursus vestibulum.",error: undefined method `first' for nil:NilClass,http://people.com.cn/ut/erat/curabitur/gravida/nisi/at/nibh.jpg?quis=elit&turpis=proin&sed=interdum&ante=mauris&vivamus=non&tortor=ligula&duis=pellentesque&mattis=ultrices&egestas=phasellus&metus=id&aenean=sapien&fermentum=in&donec=sapien&ut=iaculis&mauris=congue&eget=vivamus&massa=metus&tempor=arcu&convallis=adipiscing&nulla=molestie&neque=hendrerit&libero=at&convallis=vulputate&eget=vitae&eleifend=nisl&luctus=aenean&ultricies=lectus&eu=pellentesque&nibh=eget&quisque=nunc&id=donec&justo=quis&sit=orci&amet=eget&sapien=orci&dignissim=vehicula&vestibulum=condimentum&vestibulum=curabitur&ante=in&ipsum=libero&primis=ut&in=massa&faucibus=volutpat&orci=convallis&luctus=morbi&et=odio&ultrices=odio&posuere=elementum&cubilia=eu&curae=interdum&nulla=eu&dapibus=tincidunt&dolor=in&vel=leo&est=maecenas&donec=pulvinar&odio=lobortis&justo=est&sollicitudin=phasellus&ut=sit&suscipit=amet&a=erat&feugiat=nulla&et=tempus&eros=vivamus&vestibulum=in&ac=felis&est=eu&lacinia=sapien&nisi=cursus&venenatis=vestibulum&tristique=proin&fusce=eu&congue=mi,DuiNecNisi.png,424,92,7/4/2025
69ca7d24fc13ae3c4435c12d,69ca7ce3fc13ae3a5e35bfc1,"Curabitur in libero ut massa volutpat convallis. Morbi odio odio, elementum eu, interdum eu, tincidunt in, leo. Maecenas pulvinar lobortis est.",error: undefined method `first' for nil:NilClass,http://msu.edu/fermentum/justo/nec/condimentum/neque/sapien.jpg?consequat=tellus&lectus=in&in=sagittis&est=dui&risus=vel&auctor=nisl&sed=duis&tristique=ac&in=nibh&tempus=fusce&sit=lacus&amet=purus&sem=aliquet&fusce=at&consequat=feugiat&nulla=non&nisl=pretium&nunc=quis&nisl=lectus&duis=suspendisse&bibendum=potenti&felis=in&sed=eleifend&interdum=quam&venenatis=a&turpis=odio&enim=in&blandit=hac&mi=habitasse&in=platea&porttitor=dictumst&pede=maecenas&justo=ut&eu=massa&massa=quis&donec=augue&dapibus=luctus&duis=tincidunt&at=nulla&velit=mollis&eu=molestie&est=lorem&congue=quisque&elementum=ut&in=erat&hac=curabitur&habitasse=gravida&platea=nisi&dictumst=at&morbi=nibh&vestibulum=in&velit=hac&id=habitasse&pretium=platea&iaculis=dictumst&diam=aliquam&erat=augue&fermentum=quam&justo=sollicitudin&nec=vitae&condimentum=consectetuer&neque=eget&sapien=rutrum&placerat=at&ante=lorem&nulla=integer&justo=tincidunt&aliquam=ante&quis=vel&turpis=ipsum&eget=praesent&elit=blandit&sodales=lacinia&scelerisque=erat&mauris=vestibulum&sit=sed,SitAmet.avi,568,47,7/1/2023
69ca7d24fc13ae3c4435c12e,69ca7ce3fc13ae3a5e35bfbe,"Proin eu mi. Nulla ac enim. In tempor, turpis nec euismod scelerisque, quam turpis adipiscing lorem, vitae mattis nibh ligula nec sem.

Duis aliquam convallis nunc. Proin at turpis a pede posuere nonummy. Integer non velit.

Donec diam neque, vestibulum eget, vulputate ut, ultrices vel, augue. Vestibulum ante ipsum primis in faucibus orci luctus et ultrices posuere cubilia Curae; Donec pharetra, magna vestibulum aliquet ultrices, erat tortor sollicitudin mi, sit amet lobortis sapien sapien non mi. Integer ac neque.",error: undefined method `first' for nil:NilClass,http://dot.gov/neque/aenean/auctor/gravida/sem/praesent/id.json?fusce=posuere&posuere=felis&felis=sed&sed=lacus&lacus=morbi&morbi=sem&sem=mauris&mauris=laoreet&laoreet=ut&ut=rhoncus&rhoncus=aliquet&aliquet=pulvinar&pulvinar=sed&sed=nisl&nisl=nunc&nunc=rhoncus&rhoncus=dui&dui=vel&vel=sem&sem=sed&sed=sagittis&sagittis=nam&nam=congue&congue=risus&risus=semper&semper=porta&porta=volutpat&volutpat=quam&quam=pede&pede=lobortis&lobortis=ligula&ligula=sit&sit=amet&amet=eleifend&eleifend=pede&pede=libero&libero=quis&quis=orci&orci=nullam&nullam=molestie&molestie=nibh&nibh=in&in=lectus&lectus=pellentesque&pellentesque=at&at=nulla&nulla=suspendisse&suspendisse=potenti&potenti=cras&cras=in&in=purus&purus=eu&eu=magna&magna=vulputate&vulputate=luctus&luctus=cum&cum=sociis&sociis=natoque&natoque=penatibus&penatibus=et&et=magnis&magnis=dis&dis=parturient&parturient=montes&montes=nascetur&nascetur=ridiculus&ridiculus=mus&mus=vivamus&vivamus=vestibulum&vestibulum=sagittis&sagittis=sapien&sapien=cum&cum=sociis&sociis=natoque&natoque=penatibus&penatibus=et&et=magnis&magnis=dis&dis=parturient&parturient=montes&montes=nascetur&nascetur=ridiculus&ridiculus=mus&mus=etiam&etiam=vel&vel=augue&augue=vestibulum&vestibulum=rutrum&rutrum=rutrum&rutrum=neque&neque=aenean&aenean=auctor&auctor=gravida&gravida=sem&sem=praesent&praesent=id&id=massa&massa=id&id=nisl,AmetSemFusce.txt,154,86,11/8/2028
69ca7d24fc13ae3c4435c12f,69ca7ce3fc13ae3a5e35bfab,"Donec diam neque, vestibulum eget, vulputate ut, ultrices vel, augue. Vestibulum ante ipsum primis in faucibus orci luctus et ultrices posuere cubilia Curae; Donec pharetra, magna vestibulum aliquet ultrices, erat tortor sollicitudin mi, sit amet lobortis sapien sapien non mi. Integer ac neque.

Duis bibendum. Morbi non quam nec dui luctus rutrum. Nulla tellus.",error: undefined method `first' for nil:NilClass,http://wordpress.org/libero/nullam.aspx?nunc=ut&nisl=erat&duis=curabitur&bibendum=gravida&felis=nisi&sed=at&interdum=nibh&venenatis=in&turpis=hac&enim=habitasse&blandit=platea&mi=dictumst&in=aliquam&porttitor=augue&pede=quam&justo=sollicitudin&eu=vitae&massa=consectetuer&donec=eget&dapibus=rutrum&duis=at&at=lorem&velit=integer&eu=tincidunt&est=ante&congue=vel&elementum=ipsum&in=praesent&hac=blandit&habitasse=lacinia&platea=erat&dictumst=vestibulum&morbi=sed&vestibulum=magna&velit=at&id=nunc&pretium=commodo,Sed.xls,978,78,11/6/2023
69ca7d24fc13ae3c4435c130,69ca7ce3fc13ae3a5e35bfc8,"Phasellus in felis. Donec semper sapien a libero. Nam dui.

Proin leo odio, porttitor id, consequat in, consequat ut, nulla. Sed accumsan felis. Ut at dolor quis odio consequat varius.

Integer ac leo. Pellentesque ultrices mattis odio. Donec vitae nisi.",error: undefined method `first' for nil:NilClass,http://cbslocal.com/vel/augue.js?aliquet=sit&massa=amet&id=eleifend&lobortis=pede&convallis=libero&tortor=quis&risus=orci&dapibus=nullam&augue=molestie&vel=nibh&accumsan=in&tellus=lectus&nisi=pellentesque&eu=at&orci=nulla&mauris=suspendisse&lacinia=potenti&sapien=cras&quis=in&libero=purus&nullam=eu&sit=magna&amet=vulputate&turpis=luctus&elementum=cum&ligula=sociis&vehicula=natoque&consequat=penatibus&morbi=et&a=magnis&ipsum=dis&integer=parturient&a=montes&nibh=nascetur,Pharetra.ppt,345,38,7/4/2021
69ca7d24fc13ae3c4435c131,69ca7ce3fc13ae3a5e35bfa1,"Integer tincidunt ante vel ipsum. Praesent blandit lacinia erat. Vestibulum sed magna at nunc commodo placerat.

Praesent blandit. Nam nulla. Integer pede justo, lacinia eget, tincidunt eget, tempus vel, pede.

Morbi porttitor lorem id ligula. Suspendisse ornare consequat lectus. In est risus, auctor sed, tristique in, tempus sit amet, sem.",error: undefined method `first' for nil:NilClass,http://squarespace.com/purus/aliquet/at/feugiat.js?nascetur=primis&ridiculus=in&mus=faucibus&vivamus=orci&vestibulum=luctus&sagittis=et&sapien=ultrices&cum=posuere&sociis=cubilia&natoque=curae&penatibus=nulla&et=dapibus&magnis=dolor&dis=vel&parturient=est&montes=donec&nascetur=odio&ridiculus=justo&mus=sollicitudin&etiam=ut&vel=suscipit&augue=a&vestibulum=feugiat&rutrum=et&rutrum=eros&neque=vestibulum&aenean=ac&auctor=est,EtErosVestibulum.txt,520,35,10/23/2024
69ca7d24fc13ae3c4435c132,69ca7ce3fc13ae3a5e35bfd0,"Duis bibendum. Morbi non quam nec dui luctus rutrum. Nulla tellus.

In sagittis dui vel nisl. Duis ac nibh. Fusce lacus purus, aliquet at, feugiat non, pretium quis, lectus.

Suspendisse potenti. In eleifend quam a odio. In hac habitasse platea dictumst.",error: undefined method `first' for nil:NilClass,http://example.com/morbi/non/lectus.xml?nonummy=ut&integer=odio&non=cras&velit=mi&donec=pede&diam=malesuada&neque=in&vestibulum=imperdiet&eget=et&vulputate=commodo&ut=vulputate&ultrices=justo&vel=in&augue=blandit&vestibulum=ultrices&ante=enim&ipsum=lorem&primis=ipsum&in=dolor&faucibus=sit&orci=amet&luctus=consectetuer&et=adipiscing&ultrices=elit&posuere=proin&cubilia=interdum&curae=mauris&donec=non&pharetra=ligula&magna=pellentesque&vestibulum=ultrices&aliquet=phasellus&ultrices=id&erat=sapien&tortor=in&sollicitudin=sapien&mi=iaculis&sit=congue&amet=vivamus&lobortis=metus&sapien=arcu&sapien=adipiscing&non=molestie&mi=hendrerit&integer=at&ac=vulputate&neque=vitae&duis=nisl&bibendum=aenean&morbi=lectus&non=pellentesque&quam=eget&nec=nunc&dui=donec&luctus=quis&rutrum=orci&nulla=eget&tellus=orci&in=vehicula&sagittis=condimentum&dui=curabitur&vel=in&nisl=libero&duis=ut&ac=massa&nibh=volutpat&fusce=convallis&lacus=morbi&purus=odio&aliquet=odio&at=elementum&feugiat=eu&non=interdum&pretium=eu&quis=tincidunt&lectus=in&suspendisse=leo&potenti=maecenas&in=pulvinar&eleifend=lobortis&quam=est&a=phasellus&odio=sit&in=amet&hac=erat&habitasse=nulla&platea=tempus&dictumst=vivamus&maecenas=in&ut=felis&massa=eu&quis=sapien&augue=cursus&luctus=vestibulum&tincidunt=proin&nulla=eu&mollis=mi,In.pdf,951,69,8/28/2027
69ca7d24fc13ae3c4435c133,69ca7ce3fc13ae3a5e35bfcb,"Duis bibendum, felis sed interdum venenatis, turpis enim blandit mi, in porttitor pede justo eu massa. Donec dapibus. Duis at velit eu est congue elementum.",error: undefined method `first' for nil:NilClass,http://dagondesign.com/dolor/vel/est/donec/odio/justo/sollicitudin.png?non=pretium&mauris=nisl&morbi=ut&non=volutpat&lectus=sapien&aliquam=arcu&sit=sed&amet=augue&diam=aliquam&in=erat&magna=volutpat&bibendum=in&imperdiet=congue&nullam=etiam&orci=justo&pede=etiam&venenatis=pretium&non=iaculis&sodales=justo&sed=in&tincidunt=hac&eu=habitasse&felis=platea&fusce=dictumst&posuere=etiam&felis=faucibus&sed=cursus&lacus=urna&morbi=ut&sem=tellus&mauris=nulla,OrciLuctus.avi,543,53,3/13/2026
